{
  "pdb_id": "8BOW",
  "ligand_resname": "QYF",
  "center_x": 25.62408108108108,
  "center_y": 52.6952027027027,
  "center_z": 42.305108108108094,
  "box_size": 22.0
}